44;55552;4
26;53405;2
80;53573;10
18;48558;4
79;48548;8
8;54846;0
90;53569;3
90;50635;6
21;46462;3
21;56922;2
26;48668;2
26;51040;10
63;51252;8
28;51510;4
92;51756;10
48;58250;1
94;48845;4
96;51044;12
76;48622;4
87;54579;10
8;52002;7
12;46901;22
25;51958;7
41;58519;1
2;58520;16
96;50454;3
38;50287;12
61;48848;2
3;53488;4
19;48847;9
17;55968;10
80;51509;7
48;56448;2
14;52581;2
94;58821;11
17;50634;6
65;46974;2
18;53685;4
29;58719;2
48;50922;9
24;50887;7
49;50686;5
40;58823;8
81;48351;6
64;50934;7
60;54739;2
24;53683;7
37;51041;10
15;50522;11
40;54815;3
73;51508;7
88;54716;8
47;51484;11
68;46903;5
96;51535;5
29;51332;0
68;54588;8
16;54813;2
29;53570;4
77;51112;3
23;51111;2
87;56964;9
60;50839;0
21;59322;10
2;51578;9
85;58124;1
42;52588;4
32;52913;5
72;52893;0
56;53188;12
92;54350;7
26;54646;8
18;52892;10
33;54641;4
23;54463;8
67;52520;1
88;52592;6
34;52583;6
33;52580;3
96;50935;3
26;51436;3
13;52521;8
64;52490;4
44;57288;1
43;52488;9
91;52487;8
84;53500;9
96;52489;10
82;55156;10
70;59373;8
40;52582;10
60;55966;4
94;54822;13
35;53682;5
56;54639;8
71;52889;8
57;53571;10
36;52256;4
40;55135;10
89;54314;18
44;52182;7
17;51069;0
89;54811;8
69;57245;15
93;57190;11
51;57184;5
91;57126;8
46;55879;9
47;57115;9
65;57113;7
33;57018;3
6;57240;1
31;57243;3
30;54852;2
26;54812;3
87;54814;4
42;57366;18
72;57285;13
34;57280;16
37;54845;4
82;54844;9
79;54847;0
85;59319;10
74;59318;1
30;56982;5
30;56944;8
25;56939;13
35;51024;13
55;56935;8
45;56930;11
26;56927;3
69;56925;9
53;56961;6
50;56962;0
85;56963;6
5;56993;1
71;56978;9
18;56977;6
62;56976;2
69;56975;4
83;56974;1
35;56968;1
57;56966;11
28;56924;2
65;58029;7
51;57777;12
54;57776;8
39;57676;16
26;57674;8
14;57643;6
29;57640;6
78;57639;1
35;57638;0
53;57950;8
16;57953;10
74;57954;2
84;58028;0
89;58009;10
58;58006;8
20;58005;6
31;58004;10
8;58002;9
36;57956;9
59;57955;11
19;57637;10
66;57636;1
71;57402;4
84;57399;9
62;57374;0
8;57372;4
84;57371;1
8;57370;1
22;56969;11
21;57368;5
65;58229;3
20;58135;1
83;56937;15
40;54731;11
18;54732;0
10;54733;5
40;54734;6
40;54735;5
32;54736;13
5;57287;2
25;55554;14
32;54809;6
42;56044;8
79;55967;7
68;58341;10
83;51885;8
34;55880;1
38;56495;11
78;55851;5
67;55310;8
63;55848;3
24;55970;15
80;55971;2
58;55985;6
94;56040;8
51;56030;3
5;56029;10
58;56028;8
59;55969;5
77;56005;7
86;58091;2
37;55986;5
61;59385;1
10;59395;12
87;55606;9
88;55605;4
58;55604;9
10;57242;10
34;57244;9
55;55603;10
10;55573;12
48;55617;2
66;55607;6
20;55614;6
82;55615;8
51;55714;5
93;55713;3
1;55712;1
38;55711;15
43;55645;13
1;55619;6
15;55618;2
11;55616;9
4;55556;10
4;56923;10
16;56563;8
87;56562;3
72;56561;7
59;56560;8
59;56559;3
3;56547;18
27;59303;0
13;56529;10
33;56564;4
65;56718;14
12;56781;8
22;56863;1
85;56862;17
28;56788;5
53;56787;11
71;56786;8
16;56785;5
93;56783;17
8;56782;2
37;56528;5
84;55133;2
74;56948;9
22;56064;6
71;56063;0
15;56061;9
81;56059;7
63;56058;5
2;56057;9
6;56055;8
3;56184;4
33;56185;19
21;56186;7
33;55136;1
37;55137;4
3;56449;0
26;55154;0
45;55155;4
36;55157;1
12;57286;7
91;56195;9
37;56045;8
84;58030;6
91;58221;13
42;54465;0
29;54464;9
6;57067;7
8;58010;4
35;58676;8
39;58679;10
2;58685;3
57;58686;5
33;58687;3
53;58688;4
92;58698;9
25;58699;3
91;58700;9
37;58702;5
50;58703;6
15;54466;6
30;58510;9
22;58508;9
25;58222;10
84;58223;0
9;58224;1
1;58226;7
88;58228;5
4;56132;10
83;58314;7
72;58315;1
53;58332;1
45;54810;3
58;58334;1
34;58408;7
63;58701;0
21;59450;0
45;58450;3
13;53684;2
70;54586;3
23;56722;10
81;58830;5
68;58832;2
11;56828;25
91;58864;4
39;54213;6
31;59114;10
4;59115;13
53;59116;8
92;59117;5
8;59118;4
55;51376;0
34;59119;9
61;59229;8
61;59231;7
61;57940;9
83;58829;16
93;58813;10
25;58800;6
40;57642;7
36;54351;6
75;58707;9
63;58708;11
85;58709;1
74;58710;10
58;58711;10
75;58723;6
61;58773;10
27;58774;8
26;58775;6
46;58776;5
53;58777;1
59;58778;11
95;54252;2
36;56494;8
42;58206;6
83;58211;6
79;58209;4
28;58145;6
64;58178;8
78;58179;10
81;58198;3
77;58193;10
79;58195;7
57;58196;8
8;58197;0
64;58201;8
84;58203;8
59;58204;11
37;58199;8
86;58132;4
33;54585;1
35;54645;4
29;54644;2
53;58075;9
36;56860;11
95;58076;7
3;58225;4
4;54584;1
76;54582;3
79;58115;7
95;58220;17
88;54647;5
90;59383;2
53;59326;11
48;59325;0
68;59390;8
42;59323;6
92;59391;4
28;59321;11
47;59324;0
6;59397;6
41;59398;11
66;59399;10
33;59388;11
94;59386;7
68;59355;11
76;59354;11
12;59353;5
94;59352;25
15;59351;8
65;59374;3
67;59378;7
69;59379;10
33;59381;3
41;59382;10
70;59400;9
76;59506;7
72;58143;10
1;59282;8
5;59320;5
80;59435;0
54;59281;8
42;59350;4
45;59370;4
93;51079;8
56;55431;10
60;55430;2
21;47379;2
8;58077;11
50;55894;1
85;58991;2
9;55266;6
70;55265;3
59;50002;4
82;57172;0
46;46186;0
55;44907;11
3;54765;3
75;49154;11
9;45783;6
58;48467;10
57;52316;6
40;52455;15
45;52341;10
32;57405;0
57;50178;0
26;51560;9
94;36084;2
77;47860;11
61;36085;11
95;56012;9
16;40718;7
66;36087;4
15;33313;8
67;36474;10
35;47779;0
28;30191;1
94;49734;4
22;42165;7
71;43832;7
65;52391;9
80;28207;6
47;40810;10
70;39622;6
37;53586;19
82;56085;6
11;44104;9
47;52901;8
1;54673;5
47;43609;19
35;36380;8
60;54439;11
2;54440;14
35;59469;5
53;58514;5
65;58512;9
52;35541;5
13;55068;6
19;49386;3
45;57028;7
95;58627;4
35;49724;10
32;57229;11
69;55811;10
23;52180;1
14;49924;2
4;54321;5
13;49927;6
24;50733;8
45;53688;1
28;53991;6
34;42039;2
91;54411;11
72;56363;11
88;57119;7
30;57091;9
91;56366;3
18;58516;3
12;46165;6
32;57086;3
18;47005;9
52;54404;4
16;52867;5
85;45065;16
21;52888;4
57;44435;1
49;52812;1
56;42042;1
3;45066;11
53;52949;10
18;52819;11
82;47231;11
65;54512;11
43;48991;13
15;51799;3
91;41644;6
59;55023;9
44;52491;11
24;49144;11
88;52739;6
5;56825;9
67;53312;5
90;53313;7
44;52586;11
9;54714;2
24;53757;3
19;52974;0
89;54409;3
65;54320;2
90;55220;5
63;56501;10
6;58333;9
84;54008;9
23;57408;3
50;50018;7
51;52088;3
66;54006;8
75;52790;2
31;48913;5
36;52515;1
91;50718;13
32;52189;6
16;54007;7
40;52141;4
72;54074;11
61;54999;6
67;52188;9
43;51660;8
52;51658;4
18;59364;6
44;55817;2
62;43281;4
64;43800;8
57;59173;9
62;46280;9
9;51744;11
77;58511;6
88;57945;10
55;56445;11
95;56432;0
29;59345;0
40;56444;2
67;55076;5
43;57948;3
8;34517;5
74;59493;0
23;59492;3
46;40053;7
86;44113;11
73;40540;1
67;29653;5
60;32832;1
51;24355;9
40;36072;2
95;29661;2
24;35908;12
17;29641;7
7;51409;11
49;38916;7
17;29613;7
60;44391;11
35;46757;8
87;38134;8
48;35728;11
20;29678;1
37;36388;5
94;38121;2
67;36073;1
83;49941;6
77;49940;9
73;56578;10
7;59489;11
24;59490;9
54;48010;8
79;57027;8
70;43874;0
21;43875;1
74;50484;10
53;47961;5
20;43879;3
61;43736;7
13;43968;4
84;38327;2
39;43876;2
30;53016;9
56;47960;7
21;50485;3
32;44376;0
35;51369;5
89;59258;10
4;59237;11
49;59239;3
96;59238;3
81;59241;4
28;59240;6
5;30225;4
92;34608;9
92;37601;0
78;46699;10
88;30583;5
4;53611;11
5;53616;8
43;53613;6
1;55667;1
32;47262;5
81;55883;9
53;55271;7
44;56083;8
56;37381;0
74;57728;10
65;58587;8
66;55881;2
69;58187;3
72;56998;8
51;57275;0
18;48543;2
81;58783;23
13;58439;4
16;56107;11
79;56108;9
18;57879;9
19;58188;7
13;56340;5
82;58441;5
8;55882;9
4;58191;11
23;56544;9
25;56871;11
94;58614;2
73;58126;5
56;55059;16
85;55478;12
59;54946;0
30;58560;6
1;55475;4
74;56866;6
64;59042;8
34;58555;3
31;59412;5
56;59232;0
88;56548;3
61;58412;1
92;58433;2
80;54323;10
79;56540;4
68;56072;1
26;59413;18
72;59605;9
58;59411;9
8;49109;11
90;56402;10
22;19832;3
69;46544;5
43;54640;18
30;49272;0
3;52183;11
33;52516;3
77;48537;0
41;46448;3
11;51250;0
9;51223;6
55;53200;7
74;42035;24
87;51126;8
31;55144;10
26;51073;0
20;48538;2
5;57069;6
58;53003;10
24;48452;5
34;46550;2
10;52485;7
10;53808;1
34;37466;5
4;54677;14
43;15721;9
73;13956;8
84;47766;3
57;38072;7
13;13953;1
80;48260;5
37;37920;4
56;59279;0
11;55342;5
57;41943;6
22;43390;3
24;37744;8
43;44208;11
4;36853;9
19;36727;4
25;51673;9
67;38024;10
53;50761;0
1;43049;6
28;55804;12
39;43046;12
37;46016;1
56;51684;5
66;49138;5
18;50407;5
53;51094;0
33;51216;10
47;58400;6
85;55455;1
53;50994;4
18;46108;6
13;42586;3
82;40227;0
22;51715;0
7;49367;3
4;52315;2
89;53929;2
44;56206;0
4;58590;11
21;46224;9
53;55999;1
5;55541;9
54;54957;2
90;56153;6
39;53216;5
50;56178;6
64;53215;3
59;56727;6
92;58615;10
6;55903;0
70;36851;11
27;55538;9
96;57603;0
50;58114;9
84;54878;11
26;58655;9
89;58312;6
63;11729;10
44;56648;8
68;59482;10
52;21138;11
47;51694;1
58;11730;11
39;53754;2
81;48210;2
72;57165;9
8;57009;11
72;58327;11
46;57005;0
85;54800;5
89;55375;7
57;57079;8
32;55380;1
69;59251;1
78;48734;4
83;56355;9
37;58583;3
86;57020;7
89;46356;11
51;31643;13
63;48733;0
3;54128;2
88;48742;3
43;48740;1
10;54865;8
45;52878;9
53;50841;2
26;11627;10
78;47763;19
75;48529;1
36;52879;6
24;47737;6
24;52881;11
3;21869;17
74;52880;1
94;35749;3
84;54293;1
38;47762;6
12;49212;8
24;46528;10
56;54753;3
87;20325;9
46;48739;4
78;48362;8
7;59610;10
83;59607;6
36;58585;7
91;58580;2
35;42521;3
8;41996;0
59;53516;11
20;46097;6
59;55754;8
34;42168;3
95;52976;16
66;59131;15
42;46851;9
35;50273;10
46;59573;10
2;57809;11
63;49675;1
29;53720;4
43;43759;7
96;43765;0
50;38996;11
31;40168;11
39;43771;7
77;59480;2
89;58641;3
49;50670;11
34;44926;16
8;53332;0
72;43268;5
14;39883;0
91;33193;7
39;49527;22
77;47628;4
63;53043;4
8;44365;8
30;59332;4
80;38828;9
7;52260;0
4;52925;9
28;45513;3
40;54747;9
50;46135;5
66;57944;9
61;35835;3
54;53459;2
67;51342;11
43;53719;1
26;45275;12
61;47282;11
82;49814;2
54;43753;5
26;53088;13
13;55370;3
90;56241;1
66;50334;6
6;53718;11
96;48441;5
71;53721;9
5;57308;2
63;50699;8
74;50333;18
64;41522;9
5;53044;0
18;49594;7
12;39967;6
66;59579;15
58;59519;7
10;59517;11
61;59516;7
41;59574;4
63;47626;10
66;59518;7
70;51349;1
41;59294;10
24;53089;3
43;57578;10
5;57302;4
88;56795;5
10;56796;0
79;57470;2
38;32610;3
12;59018;7
7;41271;7
91;56798;4
12;39288;11
55;56797;9
38;58577;6
8;59167;17
7;56917;7
55;57468;5
91;59169;7
31;59166;1
6;56921;11
20;59333;1
12;56920;2
3;57961;10
36;54304;21
1;56913;4
9;55662;9
35;55660;0
41;58993;2
43;48099;0
2;59283;5
15;49434;6
68;50671;10
85;58576;1
59;58265;3
73;37421;8
66;58721;1
67;59191;8
14;58457;6
1;58733;10
9;59001;19
62;56549;4
71;39052;5
45;56759;9
73;55661;8
29;56713;12
38;32955;5
93;35883;11
83;51346;4
29;58080;7
59;58455;8
36;44732;6
27;39341;19
77;41148;4
54;59003;9
60;39565;11
38;50706;2
4;59002;5
73;41270;12
19;48273;10
35;55684;4
95;55683;8
39;54722;3
81;54170;4
82;56911;5
58;56004;7
34;59569;10
18;59190;1
64;50909;8
48;59186;7
90;59394;0
71;59185;4
78;59205;4
60;58506;11
50;58653;11
73;50760;11
30;57446;4
93;50142;8
75;53359;2
38;46109;6
91;58570;13
59;53357;4
95;56827;18
64;56192;11
76;51164;6
90;42898;14
14;47735;3
77;42539;2
25;44212;11
27;34633;4
10;44637;5
31;39779;7
66;36525;10
63;44214;7
53;38087;3
39;47215;1
95;42552;12
15;59602;14
50;58567;9
34;54899;5
52;52692;9
69;54670;4
76;51445;10
72;46735;2
44;33749;1
43;41507;16
6;42004;1
60;48647;5
24;48651;5
60;57683;7
69;48673;11
56;56801;3
66;50727;6
3;49242;4
53;53768;2
72;57678;1
81;53825;5
18;53823;13
64;42390;1
90;38427;6
6;52634;4
8;51096;14
3;50504;9
85;54059;3
4;49279;5
61;53600;1
12;40976;6
68;56157;10
2;47968;4
63;48373;10
60;59568;7
26;58805;1
27;57886;4
23;52874;0
59;53618;7
64;53821;5
34;50668;1
88;53820;8
32;49633;3
14;46817;1
72;54057;4
77;41272;11
63;47604;8
77;57233;1
39;42305;8
24;42213;0
32;59249;7
80;53772;3
2;53826;10
85;49208;4
74;46915;10
66;53818;11
9;49657;11
79;53210;5
93;59443;11
73;53824;1
92;54015;6
96;54060;0
17;53440;11
29;39802;18
23;53751;1
56;12053;6
68;49634;3
25;53827;9
74;53828;11
74;53819;10
52;59246;3
90;56314;1
74;54369;6
73;54924;1
67;54050;1
58;48318;3
20;54043;11
94;53442;7
48;53366;2
90;50466;2
49;54058;8
20;41848;12
24;49219;4
7;49967;6
12;43400;2
42;51054;9
11;54190;11
55;54042;7
31;50342;10
82;52757;7
70;50308;6
62;54250;1
83;53346;0
74;53347;9
91;38897;19
42;53705;4
56;53770;12
42;51124;11
64;49640;7
69;31996;4
57;44693;6
2;36161;0
15;58321;11
95;53214;10
28;30549;8
62;51187;2
30;53817;3
46;49636;9
33;51521;2
28;56516;4
76;34287;1
87;52144;8
42;54095;5
34;47569;12
22;54968;7
4;54695;5
62;59337;5
9;59557;1
38;59558;15
94;53951;4
37;40358;10
87;39119;12
79;39118;17
67;51097;10
42;56017;8
11;57584;3
73;58895;1
28;56250;8
41;45296;3
66;51620;7
4;54368;9
95;57939;0
29;49209;4
72;58854;7
69;58092;11
3;56127;8
17;39803;8
32;57669;9
39;50871;1
56;54940;11
5;58901;11
5;57889;11
19;54229;4
38;54939;4
95;56015;2
22;58046;14
21;46893;3
7;59453;13
22;48113;0
67;54994;3
70;57168;3
46;58026;0
13;43442;11
55;58048;7
1;57036;7
19;58500;5
19;58507;4
39;46895;1
63;56019;2
46;56987;3
73;58501;8
61;58486;1
88;57137;7
67;58123;11
82;59248;5
20;58794;2
56;53759;2
10;51095;7
81;57554;3
73;58243;8
30;48111;3
28;46201;8
9;54372;0
93;54371;0
63;54370;3
59;57897;6
7;53895;9
3;47196;9
16;57555;3
70;54729;8
15;59215;5
61;55803;1
5;57887;2
38;49581;11
91;55148;4
42;54913;5
19;58575;1
93;55150;1
31;59442;6
64;46126;2
9;58594;5
69;57235;2
66;57234;7
41;54867;15
57;57278;9
9;48446;5
94;47204;4
37;58792;19
80;57171;4
29;46628;7
70;40470;4
17;56236;2
91;57938;9
15;56954;8
82;58793;14
12;57925;10
70;58725;8
88;57929;7
7;56389;7
43;54347;0
22;59212;1
37;57443;4
36;57444;11
11;58724;8
10;58423;10
22;54533;1
29;57923;11
29;52118;0
36;52886;8
19;52436;7
79;53899;10
8;44152;6
41;58835;7
24;59086;7
68;57621;5
60;58836;3
15;51109;8
9;58837;12
46;57775;9
9;56668;3
26;57263;6
77;57261;11
65;56671;4
70;56669;6
13;56670;3
85;56928;8
64;57262;3
30;56929;6
88;56672;4
23;56673;19
46;50695;4
95;50032;11
14;50694;4
53;57595;1
3;50693;0
71;50035;15
39;50692;3
10;50036;12
49;50691;2
13;56931;4
89;43048;10
95;51512;5
47;57206;2
95;59128;9
12;57928;4
64;58674;11
44;56949;4
68;46677;8
95;49476;6
9;40011;7
73;45025;20
54;50433;0
85;39901;0
54;27861;3
4;50434;3
29;49480;11
8;40008;5
12;50436;7
56;41563;2
38;44220;4
44;27862;1
59;44221;4
50;44222;0
56;39903;6
33;39904;0
64;50435;15
42;44223;3
68;41562;8
24;27860;10
1;27863;1
49;40010;10
31;27992;1
28;39902;17
35;49477;15
51;40009;8
73;49479;3
57;48757;7
66;47035;3
76;50354;9
38;47034;10
15;47033;8
69;47032;14
10;50352;10
14;50350;16
23;50353;9
59;49039;26
18;50292;5
92;50351;18
53;53173;7
40;54177;1
74;47220;8
76;42764;5
58;42637;7
49;42636;6
59;45356;3
36;31420;5
50;16988;4
50;43362;0
14;14907;8
82;41761;0
5;56452;11
40;40320;3
3;43361;3
12;44581;11
74;14904;7
8;48604;11
57;48605;12
28;48603;2
1;52170;0
60;15183;8
36;13074;15
39;54801;7
92;56753;5
77;56755;11
96;56342;11
96;58897;9
13;58868;3
72;53413;7
71;58752;2
49;54167;7
13;56464;10
4;56344;7
7;53498;5
75;40192;4
23;52741;11
12;54165;10
79;40195;2
42;34652;8
6;55362;10
83;42650;9
72;19731;0
90;40154;8
75;52257;5
94;52095;9
41;46062;8
4;32717;11
18;57721;7
85;56756;10
24;56896;11
65;56816;2
92;55330;13
46;54943;8
11;51539;13
59;37369;5
82;56757;9
44;56900;9
39;37710;1
56;54945;0
55;57686;6
1;56899;3
38;56091;1
71;56297;10
16;56758;8
42;49931;0
64;59123;10
15;56754;7
87;53049;7
46;36967;8
40;37587;5
42;49765;8
36;29028;13
80;52978;8
90;47700;3
83;37582;8
47;10203;4
91;54593;11
74;40471;10
60;52552;3
25;10204;1
13;33411;3
30;13652;9
41;33410;5
70;48306;11
66;54941;0
84;42057;12
48;52153;3
45;57736;4
65;48855;5
76;48334;1
92;45818;8
25;51552;6
96;57167;0
3;57890;9
19;56901;10
23;57381;10
76;54447;1
26;54452;2
35;56936;3
38;54450;4
32;48802;7
3;40846;7
62;55357;7
42;54768;9
90;39734;10
51;54449;6
33;39728;11
72;46181;5
2;29049;8
47;56897;11
17;57004;5
20;56419;4
94;56829;10
85;28049;12
59;55179;11
40;43494;8
65;28052;8
79;32299;13
63;20068;6
75;28055;15
75;46404;10
28;31999;4
73;52529;1
53;47647;6
6;20069;6
17;50419;7
86;13944;10
47;41823;0
6;51695;1
29;52427;9
80;52554;1
92;53524;16
68;52286;5
57;52068;1
81;44858;7
42;43518;6
90;41819;1
66;20426;18
20;52008;10
52;46976;4
61;53733;6
44;35588;9
79;46944;0
34;47387;13
13;41297;0
89;43778;4
85;51052;1
42;31429;7
50;20427;0
62;42046;11
37;40774;4
69;57700;7
46;56133;4
5;58841;1
92;55906;6
12;42785;8
53;56141;1
90;55589;12
45;55590;1
30;54354;10
39;56586;5
46;57139;10
66;53523;0
70;55907;4
31;56461;0
15;57134;3
83;57135;11
7;57136;0
68;39176;1
58;53146;1
20;19856;7
20;50866;4
93;52728;3
40;52855;6
40;55576;0
73;47691;10
73;28016;8
83;11855;7
25;49704;11
74;59278;9
33;47752;8
59;50903;7
84;49473;16
88;52731;3
10;37539;7
84;30855;15
24;53090;5
68;47596;13
31;51248;9
7;52259;11
26;55666;7
52;56050;14
94;55528;8
77;51474;15
53;48423;9
33;45321;5
54;44467;5
82;36750;9
46;29904;11
92;38613;7
80;32976;5
78;43829;9
53;11728;11
33;56725;10
28;42519;7
21;54898;11
94;58231;10
74;59600;4
77;56231;7
88;46052;1
29;58119;5
70;58973;12
81;59011;11
82;57029;0
21;49929;5
95;54446;2
48;58955;9
86;47438;11
41;33315;6
85;47964;10
79;51525;10
54;59421;8
7;29426;5
19;51568;0
53;53963;2
10;51691;10
84;55171;4
89;41075;10
30;46434;4
96;36418;11
82;51573;10
72;43738;14
57;53595;1
95;19151;2
21;59365;9
77;54113;5
75;46442;12
64;52200;1
38;10886;2
27;50570;0
15;47437;18
24;55014;5
1;43520;6
24;42834;9
12;44405;8
4;56062;15
71;58855;1
36;58013;0
19;51779;5
15;55366;3
36;20217;10
75;20219;6
33;28231;0
47;46809;8
12;50890;1
53;15161;10
58;43655;8
92;15159;6
6;53631;1
85;43899;0
57;13056;1
66;44797;8
92;52176;4
42;54322;4
86;58754;6
60;45578;6
4;42564;10
75;54987;2
29;51328;3
89;56707;0
94;46847;8
76;49743;2
81;58477;7
17;45835;10
82;56626;11
28;45834;11
47;59078;10
65;46848;4
62;54985;7
45;46849;9
46;40888;3
4;54363;5
39;44682;9
64;39620;11
35;49042;6
44;38409;11
52;54650;9
46;39408;8
25;48168;5
35;38402;9
84;55402;3
92;44165;3
40;38947;4
70;39460;5
45;51214;8
89;44166;16
81;38408;7
51;52302;11
4;51329;6
94;32913;4
41;49119;8
69;53103;8
42;48214;4
7;48520;10
84;53609;10
72;43327;11
74;36701;7
20;42102;17
57;51530;10
14;35116;10
1;51213;7
54;50534;2
56;39822;8
70;51792;2
65;56847;9
70;55418;11
45;48001;2
69;54856;5
67;59255;0
50;55796;3
22;58282;9
83;52258;0
13;57257;5
64;56685;6
81;57912;9
10;55443;10
47;59254;4
85;56726;9
22;58267;8
37;58666;0
23;54389;8
32;53557;13
66;58789;3
93;57614;9
88;58740;11
71;55877;0
81;58737;10
46;56945;8
32;56565;10
13;58409;2
78;54707;9
11;58788;10
94;49169;9
89;58266;15
87;53331;3
40;55262;8
67;58367;3
21;57694;8
36;57693;10
27;58343;5
64;57695;10
60;55911;2
8;56683;1
34;58345;6
53;57047;4
79;56409;4
31;51314;5
54;56684;3
62;57256;6
76;52564;10
11;55542;2
67;59547;6
87;59405;1
22;59562;5
40;59563;10
28;59550;6
49;58665;9
43;54390;4
90;57564;7
32;59253;6
15;58344;7
64;46948;0
2;51386;8
37;58735;5
78;50289;10
4;57851;10
30;56674;9
71;50845;10
49;50847;5
10;48447;20
6;58232;4
7;48729;0
78;50852;3
15;51575;0
36;55594;16
11;55717;11
14;59125;15
66;53254;5
24;53257;1
59;53256;0
4;39072;11
85;39065;7
76;53255;5
46;39064;0
38;39067;9
24;39066;4
39;43473;11
9;53451;0
80;50390;5
4;43593;13
60;39073;9
52;48249;0
54;38239;3
24;48251;7
15;46341;10
13;49530;1
64;53002;8
4;38238;0
7;51759;1
48;48252;9
71;48267;12
50;48250;11
64;21663;6
52;21662;10
47;55047;11
19;54974;3
57;52442;3
45;52713;0
40;59280;16
54;45544;11
57;55818;7
79;45545;0
4;55819;0
19;55820;1
18;45546;3
53;52178;2
56;52175;8
90;57645;0
34;52172;3
90;59591;3
7;56437;3
28;57123;6
11;58884;5
11;55914;0
23;55891;2
62;58362;6
1;57460;7
42;58891;6
96;52826;1
68;58363;0
4;55351;3
9;57979;3
21;58578;11
33;58391;5
73;55890;5
30;55892;3
33;59271;7
10;55700;5
73;58579;18
2;47834;20
22;58628;3
92;47835;3
68;46714;21
65;51821;8
2;54988;5
55;40645;4
57;53169;7
84;34430;0
40;44796;1
85;34431;12
30;47901;6
61;58818;11
11;47742;1
42;34426;8
92;55858;11
14;47940;6
30;27420;9
43;51801;11
51;55588;5
60;12772;6
61;59570;0
91;29457;3
55;55245;10
16;55015;11
63;50639;11
40;17766;3
17;57744;1
85;39120;21
57;48933;8
7;56826;0
80;44233;3
64;40957;3
76;46039;7
94;48824;7
58;29637;7
41;48825;17
22;59432;15
67;52325;1
43;59567;6
41;57355;3
56;54687;4
4;58416;10
7;58297;8
50;57753;3
4;58902;5
59;54270;5
53;48945;5
86;58858;11
54;57016;3
20;53153;6
82;53773;4
16;53407;3
10;40051;10
82;42620;9
30;47533;3
12;47790;1
39;53154;3
61;43855;1
27;57523;2
90;57526;1
59;57525;7
57;57731;7
81;57527;4
17;57524;10
38;54933;5
18;56326;7
17;56399;10
15;57791;11
61;56193;5
62;46252;10
16;56194;6
52;50177;2
43;31239;7
73;57128;3
50;58430;1
23;57547;8
10;57321;10
38;45367;7
6;58309;10
35;58769;11
45;57318;6
37;56441;0
65;50132;8
90;34044;10
45;53015;8
51;42588;7
25;56373;1
23;45399;1
49;39182;0
54;56436;10
37;14049;4
19;56036;2
72;57859;13
44;57860;13
12;38041;8
63;57858;3
47;46251;4
46;50115;10
65;59269;5
7;53897;3
12;46949;2
86;34615;8
87;53734;6
73;44291;5
48;40900;8
14;51606;5
33;48663;5
5;56515;6
8;51479;8
82;38568;11
34;42384;11
25;48135;4
45;59316;7
72;51221;9
18;43947;6
44;52021;11
80;59267;6
47;48136;3
92;45854;10
6;55340;8
85;48659;6
35;53742;7
7;48621;7
64;38096;14
19;53377;8
19;50116;9
54;51483;12
49;41068;0
17;51480;1
66;52020;9
60;58763;9
10;51607;2
5;52164;4
25;56440;7
70;53511;7
61;52215;4
81;48953;7
80;51895;6
20;56131;0
15;42130;1
24;49237;7
3;58839;1
39;52134;10
80;47289;18
60;52167;5
88;53218;0
68;58819;10
17;52163;1
86;52214;9
64;48176;3
61;45494;7
26;55870;1
92;57657;9
75;56406;0
84;54423;2
71;58348;8
25;58852;11
31;57579;11
2;58353;11
81;56854;9
53;57763;4
16;58350;1
47;41801;14
31;38309;1
76;57841;2
35;58352;8
70;58840;0
71;47754;0
87;58828;9
10;56375;7
58;55016;5
93;51762;5
95;57582;3
73;54422;10
45;58767;11
62;56407;14
29;57124;2
74;58340;1
50;58351;11
26;56405;2
15;57658;11
86;58749;5
58;57541;4
60;50941;5
4;47288;14
62;42464;4
16;56814;3
90;56850;6
94;59445;5
57;56813;2
46;59192;10
72;54942;0
70;59095;0
55;52833;5
12;58461;3
84;58460;8
21;59153;1
1;58459;9
87;59346;10
23;56576;8
54;50480;2
44;59093;6
36;42853;6
77;54799;5
39;58462;5
5;56102;0
68;55729;8
65;55730;6
85;58390;7
79;59094;9
19;55728;9
88;59302;0
54;51358;18
61;59028;2
75;44410;20
65;59151;6
60;57158;4
25;50506;11
91;52769;4
5;51456;7
1;59150;7
12;53190;13
5;53642;0
82;52132;12
16;58822;3
1;59026;11
13;53714;5
61;57574;2
16;53829;3
3;51458;8
83;52786;4
89;53238;0
81;52785;15
34;52784;7
85;55995;1
73;57156;9
20;44408;3
79;53713;0
77;50030;13
96;52832;8
17;54577;7
49;53976;10
15;52831;0
6;49730;4
31;49812;1
22;46747;11
29;52480;9
60;57021;11
34;57900;15
64;54866;5
8;44442;11
4;49376;9
95;52113;4
51;54271;5
70;49375;5
65;50457;9
23;52115;10
23;51587;11
83;52748;24
21;52114;1
14;44908;2
13;59224;4
39;59542;17
36;56675;9
28;46588;0
22;58622;9
28;59182;0
27;52242;3
21;56698;7
81;54868;3
44;49392;0
89;42557;7
70;57898;8
68;56699;1
21;54273;10
61;59225;10
39;59227;5
86;59487;10
84;54910;5
56;54908;5
55;59152;5
42;39772;10
28;51513;10
13;46597;3
22;52047;7
18;50243;2
44;52699;15
70;17878;11
34;55442;4
34;56283;6
43;42145;2
51;55341;11
10;58572;4
75;51562;4
29;58930;5
85;58917;2
71;58937;9
2;58923;4
23;57533;5
91;57531;6
70;57534;0
16;57532;14
3;11646;2
46;44054;0
59;10254;16
87;10088;5
84;30330;8
17;44051;9
88;44053;11
75;30327;14
16;30322;8
6;11648;5
32;30325;11
32;44050;10
49;30326;2
6;38326;11
28;30329;6
41;38325;1
3;38324;15
57;33972;18
69;30331;3
52;16308;8
3;30328;10
41;38323;5
30;30323;17
66;46303;6
77;10078;0
50;11647;7
30;30324;8
52;33934;6
27;46301;1
49;46304;2
11;16307;6
10;46305;6
69;12891;2
29;10089;10
33;10256;6
89;12890;3
54;11649;2
64;10255;10
55;16310;0
70;16309;11
7;10253;3
29;53696;4
76;12586;8
45;12582;12
8;54395;3
51;53697;11
45;41158;5
20;41157;0
83;12559;8
21;53801;3
12;35893;11
25;44324;11
90;41156;11
64;41870;2
31;54396;11
37;12584;4
1;54023;4
12;43275;14
10;55305;11
61;53802;8
81;53800;8
75;53799;2
94;38671;17
10;43305;2
33;53699;17
18;12579;1
93;38672;9
88;51108;8
45;12587;4
83;12591;9
29;53698;6
15;12585;7
33;41159;8
37;29086;1
34;12588;0
21;53700;12
53;55359;5
20;55507;9
47;54657;10
54;55509;7
15;54659;5
2;54658;11
49;55508;6
1;41002;11
75;57842;2
41;48181;4
91;55629;10
48;58905;4
66;42097;0
89;59561;16
19;52773;4
24;35431;5
47;35212;6
94;46709;23
96;46986;5
72;40618;9
79;44400;1
90;47014;1
17;45262;4
15;49972;11
7;52651;2
43;52649;6
14;54061;3
15;51760;14
45;52650;3
79;53849;4
6;51878;7
45;55502;5
2;40655;0
65;47797;6
95;48532;10
13;52677;10
44;45177;8
36;44881;1
56;35180;10
65;57568;3
52;51882;0
65;43777;1
19;53850;1
71;52524;5
78;44090;0
20;46377;4
15;54115;3
6;52686;11
35;52670;3
60;54075;9
74;44092;10
95;47796;9
21;53661;0
50;59416;3
55;51543;10
83;51544;9
28;55520;7
59;55385;9
81;51761;14
96;53979;12
39;53510;6
1;48839;10
66;54076;9
7;52685;9
75;51879;8
89;52805;7
58;45701;6
51;52555;7
39;44151;9
80;59494;3
18;47131;10
47;56616;11
74;56872;11
60;58130;10
63;55382;5
79;55521;2
43;47128;16
24;49994;10
27;56838;6
64;59331;2
89;54909;3
59;48835;4
96;45917;10
34;59257;4
17;59164;9
70;59163;6
8;42120;0
46;55384;6
12;58913;9
16;55383;7
79;54840;11
24;58911;7
43;48840;0
11;39889;2
41;55503;10
42;36582;1
94;54838;5
89;53958;4
20;57419;9
45;54116;9
64;55088;3
71;57417;17
35;42411;7
29;55609;3
88;59154;4
32;58541;11
35;54689;11
50;55865;5
67;55275;10
26;59155;8
38;55276;11
71;55869;7
31;58538;1
95;57422;3
66;55868;14
40;55866;7
52;55274;8
7;55867;6
30;56555;9
35;51133;4
6;51285;2
5;51287;8
3;49922;11
73;50424;6
46;53247;9
32;44370;15
91;51076;3
53;51286;4
39;49513;3
88;42002;1
60;44569;11
80;51078;6
42;49919;3
20;51283;4
54;51284;0
1;52213;12
43;50540;11
50;53246;14
1;50426;0
93;53274;5
58;54123;2
5;54126;8
69;54125;10
70;55250;12
23;53627;12
74;53628;11
6;54124;7
5;55859;7
75;54122;0
35;53275;0
15;55863;7
50;55808;10
50;55862;8
28;55306;0
17;54938;8
12;55860;11
11;55861;1
85;55304;4
84;55692;2
89;54881;3
69;55864;1
26;55855;9
47;58907;4
56;52620;7
49;48608;7
26;48872;17
10;43417;2
57;49151;8
18;51046;0
83;43420;0
31;42030;19
60;43058;12
87;44829;2
6;42031;11
30;58910;0
6;58912;5
30;58909;12
25;51661;5
76;54853;1
57;58914;0
96;55878;10
34;55924;6
38;56989;4
69;57988;6
78;56037;5
53;56038;9
35;57905;7
74;56537;7
40;54986;3
38;56680;11
2;56971;5
53;57990;1
25;56973;9
43;56972;4
38;52568;8
95;52567;6
65;53311;3
87;52570;5
74;53310;3
89;53265;7
10;52872;9
30;52857;12
76;53853;8
10;52868;3
88;53268;9
59;53309;10
8;54413;9
4;52887;7
1;53264;3
28;53269;10
13;52873;8
51;52869;6
43;59414;8
81;59463;11
77;59467;1
3;59464;8
4;59468;11
8;59565;1
59;59466;1
36;59611;4
88;59465;10
50;59609;4
7;59588;8
59;59596;7
33;59582;13
11;59580;18
38;59597;8
79;59578;9
3;59598;10
7;59595;13
9;59576;1
18;59427;2
67;59430;3
62;59584;4
59;59583;9
30;59426;6
55;59429;7
22;55792;6
75;55800;1
91;58285;10
74;59104;9
65;55308;0
50;59105;9
83;59107;15
92;55006;0
67;52639;12
62;59112;9
51;59097;8
75;59103;0
42;56681;2
40;58284;9
24;55004;1
71;58924;1
89;58291;0
86;55784;5
42;59099;8
44;59100;6
49;55786;6
64;57752;6
66;58326;5
57;58463;1
94;59101;11
67;57751;0
59;55787;15
26;55742;10
89;55790;8
53;55069;5
83;55791;6
46;54521;7
66;58846;11
48;57718;3
51;58603;10
95;58975;6
73;55734;0
33;59109;12
52;51997;2
95;55785;14
9;58521;11
19;58464;5
75;55735;5
32;58287;1
49;58289;5
24;58942;3
42;52641;1
20;54692;7
41;58944;1
16;54065;10
27;58974;13
1;58517;0
49;57145;9
62;57143;0
1;54155;4
42;58729;13
54;58727;0
83;58324;1
10;52635;2
55;59419;3
83;58762;11
31;58935;10
41;58925;3
21;55624;2
38;55833;10
93;58054;4
27;58573;8
62;55640;7
27;55639;11
85;56182;5
38;54454;3
62;58874;0
44;55642;11
47;58875;8
83;52636;7
16;57518;2
30;55239;2
77;55175;7
70;55835;0
8;55174;6
74;54566;5
63;56417;14
61;59106;1
83;55643;3
11;55638;11
96;54063;5
14;55916;11
32;54990;3
60;53389;4
56;51993;0
50;58322;3
52;59098;5
87;52637;2
28;52640;2
37;52638;5
81;57442;2
47;55040;7
34;58142;7
40;57053;17
87;48282;6
2;57749;1
25;47908;10
96;51984;12
72;45191;4
71;50409;4
92;51990;4
60;59420;11
96;51988;11
58;54520;9
47;50011;8
81;45195;6
86;52944;11
87;55788;7
14;52945;1
76;52595;1
42;57144;7
5;47572;0
89;57146;5
3;50012;6
2;50015;3
22;58401;7
21;51995;1
54;52596;9
20;51987;9
23;51994;9
37;52946;7
82;50335;8
50;45193;13
25;52975;7
27;47223;5
82;52291;10
72;50873;0
33;52057;6
34;51989;6
92;49676;10
83;54989;10
67;51985;13
21;53549;11
79;52292;11
27;53550;11
42;56183;9
72;52135;6
44;45885;11
16;47488;4
18;59140;4
88;53554;4
61;53553;8
4;50413;0
62;53546;0
62;51982;4
29;51983;6
88;54288;8
6;51986;18
10;51255;14
89;53250;11
50;55307;0
33;50179;0
2;59608;10
15;55709;4
48;55644;10
67;53251;9
86;50497;2
51;59181;5
80;50498;4
69;49341;9
26;49340;4
96;50496;1
72;54309;1
50;50500;6
84;50495;3
67;50507;8
91;59196;0
58;59276;18
28;59179;11
74;54310;7
63;59193;6
61;55812;10
15;59178;8
31;55813;3
8;59451;5
55;47991;2
9;43105;2
3;47918;13
86;56119;3
56;54488;4
88;56126;12
69;51536;5
71;56003;5
52;56164;4
24;55077;2
95;52500;19
85;54357;1
96;43323;10
82;49195;5
4;44850;0
70;57589;15
39;43325;4
12;52396;0
76;52648;6
70;52875;2
79;53166;3
2;47361;7
80;58716;5
75;56716;1
26;47428;11
88;55273;18
19;57828;2
15;55269;3
68;45946;11
36;48179;11
94;58780;9
37;56353;11
55;50792;13
2;53513;4
61;57680;9
68;55736;5
50;58335;1
66;47808;1
87;54493;8
39;59538;13
50;49357;5
90;53514;15
48;53957;7
1;49363;3
69;48239;10
29;53512;11
68;56077;16
7;50771;3
3;57409;4
81;49573;8
65;52967;5
55;51172;4
81;53896;1
21;49571;9
68;52551;3
30;44443;1
54;55387;5
73;44278;1
89;37904;10
41;49700;3
27;31046;7
5;36728;1
19;48439;4
96;54609;8
87;56497;11
86;56732;4
20;57894;13
58;57472;0
6;56233;9
92;56024;7
59;55009;4
91;59418;10
69;57130;8
60;59575;9
67;32503;10
50;32505;1
5;40880;1
23;54375;4
39;32504;5
64;54374;8
19;57762;4
80;54376;10
74;10028;6
22;13568;11
88;34198;5
70;37747;11
34;31833;5
36;18176;2
4;49947;1
8;12537;12
74;18175;1
76;54373;19
65;30360;4
28;39885;7
70;35961;1
8;36629;1
23;12523;1
11;15805;0
63;12534;8
77;37749;9
23;34539;5
73;32165;9
56;15804;0
76;44493;13
7;12521;17
69;44492;2
13;44491;8
78;33984;7
87;44490;4
26;12539;11
79;10031;6
14;35960;9
87;33947;10
69;37687;5
70;37686;9
39;37691;1
87;41065;2
6;37746;8
8;37690;1
42;20674;17
9;37748;10
68;36609;1
94;12533;2
33;13567;1
79;30376;8
9;30381;5
87;30380;4
3;36630;6
9;31205;7
69;41117;11
29;30378;13
85;34199;10
23;49948;0
63;33948;3
67;36610;15
80;53030;3
72;30377;7
7;44429;8
69;35962;7
5;10468;6
2;44494;14
57;30717;9
68;36625;0
49;36627;4
38;49949;8
46;49946;1
26;40342;2
6;21813;6
89;22394;0
45;22396;11
38;37557;16
89;37509;10
53;58741;15
47;59138;7
60;37600;5
67;44969;7
58;37558;10
78;37510;0
93;37556;8
21;21816;5
81;56689;18
58;58681;1
88;58680;7
32;56992;10
17;56146;6
70;56588;7
44;55669;9
53;48398;1
4;53237;5
12;48396;11
36;48399;17
46;48394;2
38;54418;5
27;50282;10
6;54228;0
55;51243;3
74;58566;7
42;54614;14
16;57822;9
68;48013;6
19;55641;4
44;55912;1
8;59081;8
10;54953;6
9;57960;6
68;57202;10
59;51702;3
9;58997;4
71;57689;11
59;59357;3
81;59289;10
62;54982;8
91;59047;6
22;41462;6
41;38490;9
25;52754;2
28;49564;0
6;49502;9
13;55779;11
78;54542;4
89;41373;10
52;47075;9
11;55339;5
13;47055;5
53;55780;4
14;56531;17
6;54433;5
90;54436;4
59;38379;7
90;34609;4
22;42025;10
39;35768;21
62;52313;4
41;41253;1
66;34507;13
60;14011;10
54;57587;9
49;59461;8
15;59460;8
93;59459;8
86;59306;9
10;57991;4
29;58141;3
67;57871;1
94;57865;0
4;57870;3
42;57868;10
78;57866;5
1;59060;1
67;57982;7
43;57981;9
44;58673;10
30;58552;19
44;58549;11
49;57910;1
55;58547;2
42;57911;8
43;58618;8
44;57909;0
26;58659;4
50;59144;8
56;58672;8
92;57873;10
22;57993;5
79;57994;6
54;59343;9
61;59342;1
14;59403;15
81;58140;9
34;59139;8
73;57877;1
63;57710;10
45;57716;10
35;57715;9
7;57714;2
74;57709;9
59;59141;0
22;58668;6
73;59065;6
30;57794;8
84;58070;5
34;59066;2
3;57780;4
35;57766;13
14;58670;0
26;58671;5
66;59137;11
54;58072;6
10;58692;3
45;57967;0
57;57623;5
85;58069;7
32;57630;9
34;57631;5
20;57703;11
64;57659;9
6;57701;2
74;57781;1
84;57812;14
33;59062;6
8;58137;4
69;57620;10
89;57799;8
73;57796;2
52;58550;2
44;58606;18
76;58667;9
9;59401;11
93;59406;4
13;55715;5
42;55584;1
12;55583;6
8;52565;14
33;44578;7
46;32339;19
91;51971;3
54;54343;5
24;52789;4
28;51972;1
90;53662;4
90;51974;3
83;54073;8
79;47906;7
92;57429;5
73;57770;0
39;55646;6
43;55405;11
45;55406;10
51;58996;6
67;40258;10
49;55482;9
4;58715;10
5;54035;8
58;57019;2
82;55852;3
30;56712;8
24;56915;11
49;55481;4
58;45859;3
55;58431;3
56;49450;10
71;55218;11
84;46998;5
75;47543;3
12;49106;7
61;55193;1
65;55194;7
21;55195;19
68;55198;9
9;55211;11
21;50942;0
16;43329;4
67;52420;12
83;42839;10
82;59367;6
26;50853;6
25;54033;7
61;54103;1
92;36438;7
64;57082;8
82;54034;8
87;52668;11
94;52522;26
92;51796;2
38;51837;5
76;34227;1
50;40252;4
38;45309;2
71;49488;11
38;44024;3
35;50470;5
23;49553;10
26;54725;3
23;56883;4
54;56879;7
2;58263;4
41;56890;1
44;56885;4
76;56875;3
40;56889;4
11;56894;1
13;58476;2
23;56257;1
17;38546;10
22;56530;11
59;35138;2
30;42709;7
16;42735;16
22;30067;2
13;42736;2
13;36905;13
16;44455;0
11;37193;17
70;37243;9
22;36906;2
13;42024;13
90;49112;5
15;35646;2
28;58866;8
54;57297;5
13;57298;9
7;58856;12
79;58593;11
7;57003;3
60;30006;2
2;57269;15
68;51926;5
67;37379;0
67;37235;3
77;43204;7
55;54198;8
96;47695;6
80;56731;9
71;55476;9
43;55474;10
42;59507;0
8;32090;0
41;54661;2
75;55238;2
41;52870;21
18;47718;14
62;52001;7
41;26918;13
67;33492;2
96;29460;11
19;35686;7
86;28371;1
88;38761;3
18;40813;6
88;30692;4
19;31863;11
2;54062;11
91;53424;7
40;42011;10
11;53458;3
49;42340;8
31;42013;1
70;38655;0
32;42012;8
28;50633;8
33;40872;11
5;48584;8
26;43835;1
56;42010;11
27;45022;3
14;50403;4
94;50783;9
41;40873;7
78;46527;10
23;40821;14
76;44206;2
17;42437;9
74;55294;10
13;55140;5
78;51962;3
83;58636;5
73;56638;6
61;47368;1
53;58872;25
49;56812;4
42;58876;10
63;50962;9
84;53410;2
2;44820;7
58;58860;8
49;48357;11
38;53495;7
73;41512;7
57;36178;6
91;50412;6
30;45637;0
50;43127;7
39;50404;7
53;41514;6
36;32577;14
67;50260;6
12;42017;13
86;52737;0
82;40036;8
90;52703;10
29;55234;11
35;42473;0
16;44818;8
95;53493;6
48;42438;10
10;43725;1
11;46820;8
82;48358;1
70;36179;14
67;50410;10
84;56811;9
68;47320;7
21;38811;3
43;52334;4
22;45974;3
60;40021;6
45;53838;1
92;42016;9
4;48585;7
58;40874;8
88;50259;6
84;50261;4
80;43577;4
78;46399;5
95;48586;2
62;53479;4
93;58354;1
58;48084;3
29;46821;4
47;54712;11
25;57153;9
41;58863;5
7;59441;12
31;51184;11
91;48929;3
81;50381;1
3;43951;9
21;53491;11
88;53490;4
46;50262;6
96;49818;1
43;51809;7
38;46822;8
88;44775;19
36;59439;5
85;58272;9
71;53373;8
92;57758;7
85;53474;8
69;54162;7
82;50258;11
68;53372;2
91;49817;9
7;49819;9
85;50254;0
25;50256;3
21;53485;9
57;55049;3
60;51186;0
80;59261;1
90;55050;3
28;47815;10
27;58977;10
30;59177;1
72;59010;2
12;59174;9
88;52797;7
91;57397;7
55;54749;16
59;54559;0
85;58985;5
6;54926;14
3;59040;10
3;59176;8
44;53999;8
29;57566;2
76;55094;6
18;57129;0
65;43994;3
77;53928;13
85;51524;10
50;51523;2
9;47816;10
81;52796;11
81;53039;6
73;32986;13
12;53040;8
44;53920;4
10;56810;6
75;43966;11
8;31332;4
21;53922;10
35;31331;2
33;58764;3
87;52624;9
18;51876;11
90;39195;0
35;34081;10
34;36938;2
31;54954;5
47;55280;9
49;54541;3
14;51875;1
23;54568;2
92;49981;5
61;57573;8
14;57570;0
54;58979;1
82;54558;0
92;54569;2
80;55279;6
93;59277;13
63;41666;6
11;54444;9
31;55281;9
21;57035;2
7;56008;3
10;57691;0
13;56592;0
18;57580;20
60;49559;16
35;31652;8
39;41871;0
33;41184;4
49;31831;9
51;53694;11
17;30118;4
36;50859;8
12;53452;3
94;45860;5
14;44773;1
69;41183;1
46;49299;7
65;45861;7
83;51769;10
72;41181;4
83;45862;5
29;46411;4
51;42876;1
83;46410;4
29;52616;8
20;47924;17
20;47226;17
71;47227;5
54;39988;1
19;44011;9
44;44774;6
7;59172;5
44;59171;10
42;59168;2
94;59170;8
76;58186;5
25;32259;8
65;35993;0
90;47802;20
35;52116;5
76;53565;11
95;50763;7
52;51811;1
74;55732;3
14;53163;5
41;54535;11
4;52827;11
82;43714;4
44;54549;14
14;52593;4
32;47806;6
15;47804;11
81;47811;11
59;53644;8
81;52656;6
39;53234;12
16;47803;2
87;52828;7
33;52657;8
7;52735;3
40;53164;5
51;52658;2
74;53241;8
24;53244;9
68;39976;4
33;53297;4
8;54071;1
94;39150;8
87;51720;3
37;53176;5
77;52959;2
31;47810;3
88;50713;5
35;39977;4
58;40226;11
29;47807;8
75;43715;0
17;47567;18
15;43716;10
72;52097;10
83;56227;12
60;56179;7
16;57773;4
92;56180;0
88;57572;10
45;56118;11
16;55224;9
55;56181;5
33;50997;2
64;57720;11
80;58532;13
14;55414;4
59;55225;11
84;57586;11
78;56770;1
94;55733;12
54;59057;0
39;52807;8
73;54806;4
72;55731;3
21;56533;2
46;54300;15
66;57625;3
15;50714;7
25;57520;7
74;47280;4
89;51118;9
31;54638;2
91;43475;6
36;39351;17
5;51136;26
70;55823;6
65;53196;7
4;57424;6
70;56916;3
72;53195;2
47;53194;15
46;59311;2
4;47706;6
66;53944;8
87;58093;3
5;52059;1
45;59285;7
43;44612;12
41;50062;9
23;51753;1
54;41587;5
22;44939;8
24;55235;4
95;56818;4
81;51752;4
3;55070;6
33;54892;0
14;57482;8
74;55601;10
62;56468;9
35;56469;1
77;42951;1
13;56598;9
56;52105;8
29;56329;12
10;58131;9
84;59505;8
32;59301;2
26;59347;3
17;59548;11
54;55895;5
7;59305;1
52;56658;3
28;57201;5
41;59213;2
11;56244;6
70;56047;6
30;50597;1
15;55871;8
1;55929;7
28;55252;7
20;55930;7
14;58313;2
3;56265;6
53;56688;12
72;58971;10
88;45928;1
14;55931;7
42;59356;9
70;56165;2
46;56113;8
45;55254;5
6;55910;3
7;56617;2
24;58908;6
63;58419;7
26;55379;3
81;55523;9
54;54608;18
92;58417;13
39;56264;5
74;55263;1
82;46746;0
19;54332;10
69;52693;5
24;55446;11
67;58237;18
72;54562;18
94;58248;11
54;56075;8
43;56429;5
44;57668;6
23;56697;1
71;56316;11
57;56657;1
86;56777;9
46;42144;3
54;59304;18
9;55251;1
86;59335;8
67;56246;6
2;57800;8
68;52866;10
79;57765;7
44;56300;18
48;55334;9
31;56660;12
51;58388;10
26;55253;11
22;55679;8
92;51856;8
16;54135;10
48;45434;12
50;50295;0
17;45560;2
25;55333;22
65;55672;1
15;57406;8
18;52408;9
4;52915;11
85;56735;10
56;52319;0
57;54592;9
86;53555;11
83;52753;0
12;53515;7
68;53971;4
30;53070;20
96;53470;3
15;51351;10
82;53038;9
87;53610;9
6;53472;10
17;52345;7
6;58155;11
65;52679;11
77;54744;9
3;55577;4
78;46427;6
61;45777;2
81;56332;11
58;56760;6
95;53643;11
71;42831;11
79;52683;9
18;52759;5
65;53687;2
95;45185;0
62;46499;16
31;55977;20
24;53053;1
63;53910;1
82;49504;10
70;54651;7
67;54547;4
44;49503;6
85;44243;10
13;54578;21
6;41086;7
63;52806;11
13;54858;2
24;50894;7
32;54776;1
62;50776;5
10;54663;11
85;53477;9
68;46933;3
33;49957;1
54;59080;10
44;56511;1
82;54543;10
42;57947;5
79;56002;4
35;46632;18
50;59515;3
6;57569;10
13;59064;9
94;55045;12
15;52736;11
25;54349;9
12;59069;8
54;51807;4
60;54544;11
35;58113;0
88;54494;1
53;55044;4
7;54664;10
62;54691;10
82;48050;6
23;54487;17
69;54545;6
47;57326;9
4;53199;11
7;57872;10
8;46405;4
18;51591;8
33;54180;8
74;56011;2
86;40296;0
31;59433;0
7;51210;15
64;49845;3
23;38396;7
21;59291;6
28;54179;13
13;34665;2
18;55902;0
34;54458;17
47;42378;1
91;50345;5
84;56330;7
94;55364;0
78;50602;8
84;52810;9
26;56456;7
29;51589;2
88;52147;1
73;50203;13
85;57451;14
37;58853;8
82;57025;5
85;56312;3
56;52965;11
48;57480;5
69;58411;7
94;57479;9
47;56752;1
89;58726;11
41;58722;13
95;57074;0
33;59007;5
4;54152;2
58;56991;3
52;56845;4
24;53441;1
79;57844;2
90;57382;10
29;57437;4
79;56959;7
96;52110;5
31;58791;2
2;52393;1
56;56025;9
47;55278;3
75;56843;12
70;57449;10
3;58497;12
12;59006;0
15;56839;18
88;56844;6
85;57769;12
9;55563;0
31;58706;2
43;56751;6
94;58718;1
4;54151;9
31;55513;6
59;53443;7
25;58278;14
24;54460;9
96;50450;7
84;58259;0
80;59156;7
87;59404;15
69;55057;8
29;55801;6
95;56840;0
5;56624;3
89;59572;8
20;56499;8
76;57827;17
66;53564;1
82;53454;8
10;58859;6
5;59009;15
60;53563;9
85;53777;12
4;57811;2
91;56778;8
8;56500;6
24;56200;6
5;53781;0
81;53778;10
42;56198;7
46;54758;9
2;55567;9
23;55677;10
17;57157;10
5;57825;4
33;56116;11
36;53780;16
20;59531;2
82;57795;3
53;57797;10
63;58766;5
53;59032;3
3;59033;10
47;59035;8
72;54129;18
86;59132;5
3;21347;2
49;58513;11
64;42180;10
81;10406;0
57;47448;3
33;47911;16
59;14096;22
85;45660;3
54;53404;11
7;49923;10
20;55113;0
51;45766;11
15;51166;8
30;54107;5
37;45762;8
48;46453;8
62;45261;14
88;59446;12
62;54574;21
21;53769;4
41;56156;4
1;54843;0
71;55760;7
11;54573;8
87;55739;11
34;56655;5
24;56710;5
26;43645;2
94;49611;7
95;49607;2
40;49612;5
10;49608;11
64;49614;8
50;59180;5
9;15490;6
90;55039;6
92;21720;2
19;55578;11
82;30200;6
37;30181;4
13;42936;0
23;16679;6
83;44676;9
7;54134;4
92;44231;7
59;55110;1
54;54964;1
1;30546;8
67;12746;2
5;55109;6
26;29603;11
92;35497;6
35;53045;0
80;35877;11
93;56268;3
56;29088;3
77;57420;10
94;41889;6
80;41351;4
69;37629;3
19;40881;7
78;59314;0
88;37275;7
41;59313;9
57;59315;6
73;55164;9
65;41914;11
28;37268;3
91;37264;20
14;59307;11
8;51852;4
35;51854;16
96;51853;10
47;50875;1
56;59310;4
68;59309;7
32;50876;0
56;59308;7
67;59290;1
52;59585;3
12;59589;8
11;59592;11
66;59590;1
31;48337;11
6;44299;6
47;48002;13
9;51288;8
96;53695;7
92;54086;8
65;54089;8
30;54087;8
86;54091;2
73;54104;10
84;58478;11
88;54092;16
9;54188;8
40;58482;5
13;58494;4
77;58493;2
4;58492;2
35;58488;11
20;58490;1
61;54090;0
86;58485;4
71;58487;9
66;58479;0
94;54189;0
78;58491;8
79;58484;7
41;58489;3
49;54183;5
2;54085;9
34;54082;0
36;52090;5
1;45149;8
11;13472;3
77;55778;3
95;55020;11
50;53054;12
15;53047;6
94;53046;1
21;54386;5
1;45150;0
84;32034;3
85;58597;6
13;58867;1
96;34147;10
30;57856;3
41;30729;8
59;55336;2
57;58438;2
61;40896;11
26;51493;1
1;56286;8
57;58658;2
88;56358;4
14;50299;10
49;53041;6
61;55106;8
86;51936;7
6;58862;11
72;50452;5
50;44330;10
49;52310;1
69;52309;11
86;52305;3
21;50223;3
4;44434;4
78;50533;2
34;52849;8
1;50531;0
90;44436;1
1;59428;7
28;44836;7
3;52406;4
34;49950;6
58;46920;5
3;55055;0
71;44736;3
96;59063;10
48;50100;3
42;44686;11
78;58657;0
47;59601;7
8;58694;11
4;58982;0
24;59407;6
17;52418;6
24;55610;3
24;53418;4
18;58736;3
89;59603;11
35;53081;6
39;58761;9
16;53084;3
92;53083;10
74;52936;0
83;53522;7
57;52413;15
92;55516;3
53;52837;1
5;53637;10
2;55084;5
25;58972;3
46;57464;2
43;57475;11
23;57483;3
85;58584;11
33;59024;11
80;57204;7
84;57435;17
25;57513;14
69;57223;2
29;57461;10
22;57469;7
14;57458;11
46;57425;3
38;57471;1
56;58968;4
65;58112;5
77;57507;19
3;57477;10
72;58970;10
26;57192;8
76;57514;10
31;59175;4
52;59410;11
31;57220;6
55;57194;15
85;57325;10
87;57196;3
36;58320;2
91;57226;2
93;58697;3
10;57198;5
20;57200;0
59;57225;2
59;57222;7
25;57221;1
40;57510;2
53;59512;16
71;57349;6
13;57342;9
8;57217;11
78;57193;2
30;58274;7
28;58678;6
62;57543;6
1;59541;3
56;57344;11
45;57197;5
82;57343;6
2;59544;11
52;57473;6
31;59245;0
27;58276;9
77;58696;8
56;58695;0
14;57481;10
85;57511;0
78;57494;0
84;57433;3
70;57350;0
29;58385;10
55;57545;10
33;57732;2
72;58047;6
80;57341;9
52;57478;0
81;57465;6
42;59511;0
86;59594;5
31;59559;4
20;59510;1
52;59604;12
10;59545;7
54;59536;2
11;59540;8
94;55716;10
54;55151;0
26;55410;8
74;51624;6
6;44588;7
13;56099;3
36;49589;9
92;50809;9
6;46415;4
16;56910;10
47;56285;7
51;56647;11
91;56700;1
86;53966;4
39;57565;8
10;54837;17
23;56284;8
62;54393;11
47;56650;12
90;58281;7
44;58165;11
37;49374;5
84;49460;6
2;50137;14
78;49458;11
52;52626;9
28;49533;2
71;50387;8
48;49071;15
59;53598;9
93;53340;7
53;53602;7
79;56359;10
43;52355;9
59;52226;5
29;49410;17
71;50144;11
82;50396;11
7;49387;4
64;50460;2
25;49893;7
50;50095;3
76;50652;1
25;49507;0
5;49596;12
63;56315;11
70;50138;2
48;51449;2
96;50398;9
29;49882;5
54;52306;10
7;49461;0
4;59444;3
95;52311;3
14;50386;7
55;48684;1
22;50049;11
24;49528;9
76;52399;0
39;49534;4
22;51891;19
12;48161;2
1;49372;3
64;50050;14
22;50397;8
25;48160;9
44;50053;8
30;49142;0
82;55498;9
23;49390;0
58;53816;8
23;49509;16
83;50297;1
56;50056;0
6;53280;0
88;47831;15
39;47395;13
79;52375;11
62;50212;2
65;47716;0
60;46802;4
52;46805;8
56;46806;7
79;47047;3
73;47397;0
55;47050;4
22;48304;8
80;57528;8
54;27574;3
20;52858;5
14;57270;12
10;58086;6
90;57673;10
12;55001;0
91;57038;8
59;59061;9
28;56724;7
73;56997;1
16;59532;7
26;57383;7
88;57772;5
85;57899;6
8;59020;10
70;59136;6
20;59133;17
40;59223;1
19;54003;9
62;59023;4
40;55433;10
17;54861;8
73;57819;5
31;55530;10
94;57083;13
80;40708;10
33;57804;10
96;57803;2
46;55595;1
43;57077;10
86;58162;3
48;57820;10
40;59217;4
87;59270;8
91;59268;7
82;53437;3
28;56955;4
10;59242;6
8;56251;1
50;59221;0
27;57837;11
86;59220;10
80;57078;7
25;57166;3
82;55678;11
47;55756;10
1;55758;11
48;55759;6
5;56804;15
49;58554;5
11;57708;0
58;58903;8
30;56488;4
77;59157;2
14;58809;6
30;58772;11
15;58448;2
79;59084;1
57;56093;8
25;56926;4
89;52990;6
80;57097;13
31;58544;2
53;54693;1
7;55126;5
73;59076;6
58;58844;0
57;58797;11
87;52864;14
80;57517;1
8;57516;11
70;57818;1
8;53131;5
71;58677;7
27;58596;15
50;55005;0
48;58827;8
5;59089;11
72;57552;1
3;58843;1
81;54824;17
11;58644;10
29;54717;1
86;56166;5
42;54860;9
86;56613;3
21;58956;5
12;59102;8
64;56262;5
91;56486;4
61;56276;4
68;58705;5
36;50819;2
32;58765;1
84;58273;6
16;55296;12
24;58164;7
47;58808;10
27;58219;1
53;55597;11
45;54785;0
66;58713;8
70;58816;4
62;56278;10
48;58598;9
81;58771;7
36;58750;5
54;55103;7
87;58605;10
8;55122;9
86;59059;2
67;58643;5
92;57189;17
34;57855;7
25;54720;11
80;56779;1
15;58826;6
62;52985;5
15;54624;10
30;57602;9
88;57605;3
7;57606;5
35;57612;8
93;58999;7
12;58987;11
16;58534;2
67;58981;2
59;57633;8
44;57634;17
39;54721;8
29;58878;10
95;58240;5
16;57385;11
84;54756;8
74;58053;3
24;58081;9
36;56662;10
62;57802;1
73;56128;8
13;59425;2
83;52905;10
79;59543;1
82;59535;12
45;59362;11
30;59287;10
67;55003;3
48;55095;3
7;58539;11
9;50067;5
82;57272;7
80;53872;10
10;56176;3
76;55963;4
48;52923;5
46;57959;6
69;54149;5
33;57141;4
75;56493;21
39;50824;3
91;59012;8
93;58592;8
22;53140;11
81;59110;7
56;59329;0
10;58163;8
6;53471;4
54;58799;16
39;58393;10
67;58160;15
23;56170;3
3;58044;7
94;53716;8
5;55899;9
93;53784;10
24;53689;5
7;56054;6
78;53593;15
82;53167;10
18;54399;1
31;53094;11
9;59216;0
93;59472;19
23;59013;12
23;54622;5
25;53139;1
68;58161;9
92;58986;7
24;54788;10
56;46542;1
35;59358;9
81;54338;11
16;36515;6
60;54495;3
91;54681;1
63;56664;11
58;58260;5
45;58530;5
67;56665;3
40;39139;18
75;58261;7
24;45335;4
36;52712;3
7;40528;7
73;52708;4
33;52707;9
55;52711;1
54;51019;2
63;46227;8
21;35045;2
34;37869;0
23;52706;1
90;51609;1
32;47197;1
84;45867;0
11;58531;8
5;57332;4
48;57337;9
18;59113;15
87;57330;11
73;57336;6
19;57339;10
63;52363;0
73;52364;7
80;53036;1
83;52368;7
31;52367;8
27;52365;17
4;59387;7
7;57054;8
81;57065;5
81;57066;2
47;57456;1
26;59376;3
72;59371;10
88;59393;10
76;57061;10
81;57064;0
44;59377;5
35;57462;5
55;57052;3
18;59375;8
4;59372;0
22;59392;2
32;59384;1
43;41960;10
51;59498;1
16;51859;7
44;50041;4
34;59396;5
85;57739;9
96;52083;5
82;57741;7
11;52040;7
65;52039;10
4;51999;1
51;50043;6
93;51857;8
58;50775;10
3;51858;7
54;57942;10
65;50042;0
66;51594;10
66;56160;5
62;54797;7
96;57740;6
66;52372;0
7;47973;5
28;46780;15
77;59434;4
60;58568;6
61;59051;9
63;54949;3
26;59209;12
91;58602;8
65;54950;6
78;57401;4
3;58728;13
47;55416;0
92;58449;3
91;59288;9
51;59293;11
23;52225;0
59;52792;11
59;52290;11
64;53249;0
1;50017;8
49;54572;7
37;53525;1
16;52791;1
62;57867;6
28;46206;3
78;53647;16
53;56427;8
53;45537;0
53;52410;9
47;52698;11
24;58812;7
2;54666;7
51;54668;11
81;58262;5
13;58922;6
72;56088;9
75;55505;10
2;58954;0
8;58953;7
31;52433;8
47;57840;11
7;57839;2
17;55904;4
76;51437;9
48;55824;7
8;54907;6
40;55185;8
17;55569;8
73;59228;11
6;53930;2
40;58768;5
54;42593;10
52;47734;5
38;41088;1
13;37732;9
87;54633;3
82;47939;2
35;37677;5
30;47373;10
96;51050;10
91;52249;1
11;59368;10
63;43489;5
14;55098;1
83;50810;2
62;59606;11
40;58427;3
51;47841;9
63;47359;4
93;58245;9
58;58241;8
63;59197;11
10;58246;2
40;48237;11
16;32772;2
70;44189;9
91;50490;0
66;56729;7
94;59054;2
11;59053;1
86;55192;10
85;58889;10
20;44178;10
18;55378;10
29;41197;1
85;36015;7
31;53421;8
75;49007;3
2;59184;4
33;54333;10
20;59447;11
26;50552;4
59;59183;9
31;52722;0
83;51347;5
14;40898;4
33;47958;6
63;52046;10
13;50474;6
45;52666;7
33;58984;11
5;41312;13
36;57151;0
23;49699;3
9;49601;2
49;57084;8
22;45541;14
59;58533;11
37;51035;11
49;55115;6
49;44933;8
87;39584;7
56;58969;11
54;39343;7
21;57747;11
49;46330;9
61;52687;1
48;39582;11
76;35568;11
95;57675;4
27;59577;4
75;44077;4
36;56554;4
18;55181;3
76;57294;5
89;47495;14
49;55625;6
61;49118;6
13;57476;10
23;46231;7
67;59448;10
43;50764;6
46;54311;9
78;50057;5
10;49017;21
25;51751;3
5;55348;1
82;54359;11
48;53069;10
74;53663;8
11;39930;11
27;50467;1
34;51208;2
6;40506;5
63;52386;7
24;49356;11
70;30398;15
72;42329;14
93;51207;0
41;50468;8
71;53747;6
5;39736;7
5;42890;7
39;52758;18
43;50765;5
54;52503;10
90;54025;9
25;54654;3
49;52574;5
94;52861;11
56;51897;0
64;53422;5
22;46031;5
73;40466;6
21;44012;8
5;50493;8
73;53940;11
5;53939;10
39;56750;1
80;50469;0
51;42601;18
61;31618;11
54;52884;10
21;44176;8
89;34501;13
83;36802;5
13;53981;11
84;36514;3
85;47119;14
48;51211;3
24;53932;7
11;58782;14
33;45981;8
6;52883;0
38;52414;10
61;54536;10
78;58896;7
36;52374;6
75;46999;6
29;52382;8
26;48926;5
53;48838;6
83;58682;18
3;55445;8
37;43724;1
89;51488;8
63;43723;3
43;57656;4
11;55961;7
89;50168;10
53;59566;7
83;55369;10
96;58429;11
74;54718;13
43;55522;8
69;58410;5
83;51375;8
60;57653;5
70;58894;5
89;53707;6
93;56101;2
18;58838;5
73;59341;8
36;55658;4
39;59161;12
83;59162;8
48;45800;4
16;57255;1
18;53273;16
49;55153;10
11;55888;9
75;55887;0
16;52131;3
21;48483;1
30;53634;9
59;53636;4
64;46668;8
41;39322;0
42;54599;3
21;48626;7
37;58623;9
59;59334;1
46;52505;3
34;57965;9
58;56295;4
38;57969;4
73;40003;1
29;49018;2
87;35934;8
25;33126;11
87;32740;2
34;53435;4
13;59317;7
16;55599;11
44;55007;5
14;53023;6
95;54701;11
7;57535;0
15;59284;6
90;58814;3
70;53814;1
43;41991;12
80;57403;5
48;59296;10
45;55749;5
67;59299;10
46;57644;9
2;50257;10
60;54001;9
96;53248;10
30;53322;2
75;40302;9
96;49677;1
16;53584;4
58;57486;4
28;58253;27
15;57495;11
79;57154;17
41;57946;4
58;55719;7
31;58254;9
17;56381;1
14;47688;13
13;56379;10
34;58172;5
49;48704;7
21;59201;1
2;59202;2
90;57857;8
10;58833;10
91;56377;6
69;58537;6
4;56734;6
83;59198;11
5;58906;8
84;57591;9
89;59199;8
61;59200;3
86;58169;5
34;58166;2
6;59554;4
23;59555;2
42;59556;11
58;59553;5
37;59423;4
61;45853;8
55;56289;7
69;56287;7
94;52251;21
83;54196;6
15;42076;1
15;46210;6
6;56258;7
28;57571;5
49;54794;8
53;56912;2
84;55718;6
71;52093;6
75;57186;5
31;56395;0
41;58747;6
95;49780;9
77;57043;6
3;56534;4
26;45312;4
53;49162;5
28;59014;0
90;47693;9
13;59508;16
90;59509;6
80;45754;10
33;38784;16
11;47423;8
30;59121;10
72;59122;10
38;57178;7
69;56523;10
32;56524;3
85;56518;19
53;56522;7
4;54634;7
79;56519;5
69;54635;9
75;56336;10
87;56525;10
60;56527;5
21;54631;5
44;56339;6
56;56526;7
52;54630;7
32;54629;8
15;54516;7
84;59503;0
24;58085;1
1;55021;9
88;54883;7
73;55022;17
17;56864;2
66;46642;3
56;35533;4
27;57743;9
10;50400;4
27;37527;0
44;56331;8
96;47467;10
39;44240;11
39;36488;4
51;43531;3
96;50702;2
37;50301;2
18;42572;11
72;40615;17
23;41896;5
88;52776;7
58;49626;3
18;37689;8
94;42573;19
50;47730;2
10;57650;9
35;53051;5
24;28957;0
12;55525;11
41;59424;2
68;56205;4
50;58280;7
35;55008;6
5;58090;1
80;51906;5
77;54455;11
93;37536;1
38;55355;5
45;51688;8
77;56597;8
53;55112;5
61;58669;18
61;51909;10
83;56774;13
20;43386;1
66;58660;3
18;56203;8
32;54671;8
57;53289;11
27;58529;8
82;43752;2
68;33167;9
61;57484;3
79;57727;7
40;58745;9
64;45216;10
64;46387;0
12;45491;0
60;52614;7
25;54770;6
37;39684;9
69;29697;3
62;46166;3
63;45210;10
4;58392;4
61;45465;3
54;38092;0
16;39526;8
75;40550;20
90;46053;8
86;52507;5
3;48152;7
50;43357;12
33;50411;11
87;51460;1
36;49529;11
66;51303;1
36;58381;10
81;51114;1
59;58871;5
92;49567;3
56;43321;10
83;49515;0
27;57398;3
12;58877;5
30;57299;7
90;59017;2
95;37983;8
43;50995;11
13;40598;16
84;48956;0
51;49442;3
49;49484;8
67;57632;8
52;38397;3
84;44334;2
61;39960;4
43;38108;3
44;50963;15
5;37612;10
41;53374;10
92;52935;11
28;39031;11
28;36198;8
26;36199;8
85;36200;11
48;52953;10
94;52954;4
87;36202;17
24;36197;5
20;54855;6
60;52955;7
87;53568;2
54;57863;3
77;59135;5
30;57281;9
30;59497;1
89;57293;2
10;54704;20
92;55698;5
19;56453;10
31;57117;6
37;57553;1
76;57249;5
51;56466;4
4;59500;0
2;59262;9
8;58127;4
52;54142;6
73;54492;13
39;55821;11
63;57949;5
86;58690;5
63;53468;10
65;55886;5
90;57246;6
96;58616;5
30;58293;9
18;59274;24
89;58704;17
48;57789;12
68;57331;8
50;57836;10
91;59263;7
48;59244;14
81;56507;1
74;58916;4
83;58014;7
78;58635;8
9;58604;5
47;57885;9
3;59203;9
24;58652;3
44;58515;9
30;58380;0
79;58432;10
29;58675;1
68;52202;3
88;58612;0
1;58611;1
44;57030;17
14;55031;8
80;59108;6
6;52674;9
94;57558;5
8;57757;2
50;59210;9
52;56510;6
48;53098;14
58;56134;11
43;59252;6
96;58387;20
95;59211;0
48;59247;8
13;58073;11
50;55401;0
34;54706;7
72;55777;0
89;56817;5
5;57440;7
62;57250;13
9;58734;2
80;58720;11
76;57445;5
19;59038;6
81;57438;11
12;58001;11
40;58189;8
39;54021;5
18;58714;9
23;58466;10
96;51242;1
74;58960;9
52;55393;8
30;56009;10
68;58000;2
67;58958;1
3;59134;2
12;58365;4
56;58525;7
21;58732;4
87;55029;9
62;55285;16
6;59092;7
8;57491;10
52;56465;2
73;53907;22
81;58184;3
53;58758;6
1;59475;10
12;58185;4
39;54178;10
6;57367;12
17;56053;12
25;56111;4
18;56775;1
93;56209;17
96;55258;7
73;57387;4
1;56482;5
9;59471;5
87;58303;3
66;56430;8
87;52675;13
43;58465;8
85;58751;7
34;56443;1
77;53567;8
18;57389;10
57;58302;2
94;59056;10
18;55350;9
36;57996;0
81;56263;26
52;58234;6
88;58022;4
2;59250;4
30;59204;1
89;58012;1
15;58746;9
78;56208;0
5;58524;5
19;58003;13
85;57031;8
7;59067;8
53;59264;8
1;58233;0
85;54459;0
14;57252;3
86;51265;3
51;54421;5
29;58684;7
79;59344;8
60;52470;0
52;51815;1
14;50683;9
47;51880;10
9;54141;3
75;59243;20
52;52471;13
32;59422;6
10;54897;11
88;55284;13
14;52585;6
94;58279;6
39;55033;9
86;58337;0
86;51204;3
32;51823;9
77;53136;9
9;58323;0
23;55116;9
79;53138;10
12;59431;3
51;51764;0
35;50685;14
72;53576;15
1;53577;6
84;51824;9
50;50773;10
7;52169;7
71;57251;1
59;57907;19
92;57908;8
20;53032;10
1;57576;9
79;53886;7
21;53887;9
77;58215;6
66;51601;3
33;53934;1
16;58915;7
86;53935;0
80;52168;11
61;58294;0
52;56311;0
31;53031;10
74;54143;10
11;58610;9
44;59474;4
63;48703;2
27;59478;7
95;59501;10
44;59502;4
68;59481;4
40;59473;5
12;56007;6
83;59514;12
90;57329;3
7;59369;13
20;59496;11
35;59551;0
59;59495;0
22;56943;2
23;59552;9
82;59476;9
80;54864;0
81;54730;4
76;54490;7
40;54114;1
63;55086;8
65;51943;2
51;54923;9
85;57843;1
45;56308;10
32;53995;1
12;51942;10
9;52344;14
17;59187;1
15;59077;8
52;55354;4
82;54775;11
37;59189;5
81;56361;9
55;54595;0
6;58790;2
74;59188;10
86;57380;6
61;55674;20
35;43482;1
89;55072;1
63;54069;7
78;51371;5
2;46891;6
87;56096;2
91;47945;6
81;55632;7
77;47944;11
8;52282;1
48;46892;15
85;46880;8
17;56095;9
2;49052;7
84;50892;1
80;56098;10
1;56097;11
47;46485;4
71;53503;10
46;44857;10
66;44567;2
81;45345;3
85;49777;11
91;42602;9
50;42041;5
9;40198;9
86;49514;5
44;51404;3
28;59571;2
6;58621;8
15;43801;5
57;45851;0
18;53588;3
43;49487;16
79;58256;2
60;52513;8
9;47229;3
12;58620;2
18;58619;8
9;45607;5
36;48963;9
52;46163;5
64;59533;12
9;41486;8
40;52751;5
15;46028;0
76;59534;6
4;46077;6
32;46076;6
76;46014;10
40;46079;7
85;42699;1
74;56333;11
86;59537;15
4;59297;6
84;59528;4
79;59529;7
10;59530;11
83;51037;3
29;59539;11
73;53745;4
52;55167;6
24;53744;5
6;53728;0
43;58527;9
45;52484;3
67;58717;3
60;49516;3
32;43249;0
65;55169;9
61;55444;9
92;58318;10
62;58730;7
17;57989;9
35;53317;7
6;53262;8
35;57964;3
25;47554;8
80;58748;18
79;59088;7
7;56087;7
50;41894;1
17;56736;5
45;56767;16
9;59145;3
69;58268;0
83;53729;6
60;59525;13
34;53227;8
48;55782;6
23;52073;9
48;43936;8
5;58803;1
18;56159;0
3;55517;3
75;57963;10
37;58873;9
9;58637;4
46;58633;3
83;53320;7
83;58632;0
56;56475;6
34;57976;2
34;57759;11
36;56144;0
33;57815;1
73;59055;11
93;51556;3
21;58989;0
12;56637;1
59;59488;1
3;58071;4
94;59484;4
54;59485;5
72;57972;8
93;56474;6
17;57971;0
88;55775;3
93;57854;11
36;54475;9
91;50628;4
22;53226;11
22;54476;8
29;58255;12
85;55178;9
37;58317;12
90;56046;3
23;58194;9
76;57169;12
90;58881;7
34;58882;4
47;55681;8
38;56730;0
66;58526;4
61;55533;8
1;43235;1
87;57878;10
14;58316;11
6;57439;11
5;59058;7
49;57118;7
9;50408;0
15;57835;0
90;54523;1
66;56123;11
9;53314;8
23;57340;2
64;56463;4
57;58496;7
57;58045;5
80;57375;1
30;57376;3
52;57760;7
84;58087;5
39;58238;8
53;58084;6
26;57876;15
52;56022;7
5;54528;4
41;56142;11
65;59486;11
73;58311;1
38;58310;22
94;56023;10
87;59491;3
19;55579;17
83;57170;2
91;58059;3
4;58239;4
18;59041;10
38;57974;7
20;57049;13
47;57051;1
26;55417;9
28;56086;10
60;57098;6
77;57861;10
39;55781;8
95;53983;1
14;56980;2
75;59004;8
7;52283;9
28;53316;8
81;58082;9
56;58426;9
88;58422;4
69;57992;1
23;52233;6
57;59587;3
39;58425;1
96;54616;8
64;57581;16
48;56934;4
64;55682;0
32;52162;7
9;46907;8
13;54538;2
60;53224;15
4;51039;7
71;53259;8
32;53261;6
86;49868;11
75;53319;2
91;53223;4
24;56933;1
20;56049;8
30;52061;3
48;50916;11
63;59146;10
9;52017;7
80;54527;4
74;40983;7
82;51579;10
75;53865;14
88;53987;3
92;52127;3
19;55313;6
8;50445;9
36;53321;9
81;52062;9
6;50631;6
47;50630;19
87;53258;1
10;58757;17
6;57277;9
28;54285;10
23;51627;8
96;59483;6
51;54522;4
54;53582;7
69;53033;2
92;43080;5
24;53315;0
20;51631;4
49;57973;7
51;53160;1
7;54416;9
59;53318;1
18;52655;5
57;52528;5
47;57283;8
8;53209;10
81;55314;11
64;55177;8
25;57203;2
56;52060;7
49;52509;3
90;44566;8
71;37793;10
14;30971;7
9;48628;10
47;55456;9
91;58158;4
3;59222;3
20;37870;14
45;47420;2
28;34382;0
20;48043;11
10;37876;11
68;50860;2
96;37957;2
65;56621;4
19;59129;4
24;56625;8
51;45013;6
69;56581;7
6;49855;8
80;55774;8
20;57821;5
68;55928;8
73;52303;2
14;55918;6
71;55043;2
9;57970;14
84;59091;3
8;56431;6
72;55927;7
37;56120;1
9;56117;4
1;51581;7
15;43682;6
50;51380;8
50;51628;8
2;53048;0
7;51603;4
90;32189;12
61;50089;4
57;46766;7
3;46829;9
61;52307;6
7;56089;8
1;49511;6
13;48272;4
43;52449;15
66;49152;1
43;46060;7
77;49000;3
56;49762;5
44;52979;5
90;43665;0
28;50674;6
84;47654;10
32;52157;17
64;44329;4
24;53239;10
52;47241;5
46;53343;3
49;52012;10
28;50747;10
53;53406;9
15;53344;6
27;56299;17
82;56090;9
50;57384;8
92;55635;7
42;49750;3
59;58404;3
56;52659;6
76;57816;3
69;59087;2
28;50418;8
30;50808;14
34;52324;11
87;51912;10
90;58798;10
3;55841;5
95;57806;8
14;57351;5
26;50169;1
94;41654;4
90;59581;5
10;57771;6
16;58218;0
66;59027;11
31;54383;4
80;59021;6
54;57147;3
73;58402;7
61;58403;6
70;51017;11
55;56615;10
80;58689;8
46;57457;12
69;57719;0
91;58405;7
16;56204;2
12;58394;4
86;53013;5
15;58042;17
21;58399;3
3;57559;7
75;58407;2
12;50879;9
71;54382;11
78;53348;13
65;58396;4
22;54024;7
14;56663;10
52;52139;2
66;58472;6
43;51820;11
90;50416;10
27;50953;7
32;58406;2
18;53556;6
68;52591;11
7;52137;1
46;49837;8
78;42322;13
80;50251;6
17;52533;11
13;40689;8
15;52705;8
59;50807;10
23;51851;11
68;45073;6
76;51381;3
89;52532;10
76;52239;6
75;59025;7
58;52704;7
22;57508;7
23;52224;11
53;55935;11
43;51737;1
27;51896;6
86;55286;5
96;52136;10
84;50802;1
4;50681;11
1;51734;10
53;58397;13
55;55293;9
8;56446;5
8;10517;10
59;48311;3
12;58624;8
72;56256;18
81;19834;1
53;55654;6
55;47517;11
56;10990;10
12;58230;0
54;58588;9
83;37216;7
46;58625;3
14;47442;8
72;44440;15
41;53911;0
4;49139;8
45;42598;6
51;38411;5
1;58626;6
68;42686;4
70;48955;9
77;48253;3
2;40795;11
1;33601;2
28;50420;7
30;41776;9
60;42558;13
29;41162;5
92;20485;8
77;44856;2
67;54051;3
10;37398;8
80;50021;7
28;50058;2
5;32357;7
24;41428;2
33;44302;2
76;56986;8
28;55052;10
28;46730;3
63;48030;15
26;41708;0
81;42592;8
68;58857;11
91;43030;4
63;50140;12
37;33053;15
31;54356;16
92;51959;6
14;49757;10
5;53630;15
76;51446;5
59;59312;3
57;59295;9
90;51506;9
17;51802;6
73;54804;0
41;47469;0
69;58471;10
67;54951;8
90;57648;2
86;54096;5
26;58473;10
6;56269;3
55;56272;8
52;58518;11
78;58760;11
50;58522;8
78;59016;6
96;59260;7
61;49355;7
73;56914;8
39;57010;18
30;59030;5
59;55457;10
75;57662;6
15;58277;10
8;42587;0
8;53464;1
39;57672;6
88;54555;4
60;46004;3
54;54610;7
18;52618;2
96;57247;2
18;58569;5
8;56715;10
4;56614;9
67;58571;7
24;52235;8
70;54676;7
38;46021;3
84;57677;13
75;43414;6
55;55630;0
60;59022;7
39;53965;8
29;52787;1
60;47278;24
22;52719;4
84;49521;1
86;53450;10
35;33656;11
78;56479;9
75;49285;8
11;47602;5
43;43557;6
58;47182;11
90;56728;8
12;59470;7
14;52294;5
19;54105;5
52;46074;15
10;44500;4
43;54496;8
96;45644;10
36;37371;7
55;40125;3
46;42655;1
10;53980;4
94;37974;8
94;39928;9
38;52801;5
80;53941;5
20;34437;4
57;54682;7
55;52964;2
41;39677;7
80;51036;8
57;52903;5
25;52193;0
56;51335;6
52;52911;1
92;50055;1
26;43015;8
75;51689;5
23;51690;9
55;57316;11
85;55080;7
39;40127;0
77;49075;11
37;33602;11
43;53985;11
66;51142;11
79;40383;0
82;47333;15
85;34334;9
27;42023;8
91;56249;2
78;52069;4
20;59218;8
37;53771;9
82;32155;6
21;42948;6
18;37507;7
92;54928;6
96;59449;15
1;49889;7
76;49335;8
44;55469;2
50;58892;10
47;57651;11
72;49334;9
72;59599;19
33;58815;0
38;58890;10
46;55467;11
81;55909;10
45;57110;11
91;55470;1
77;55036;10
79;58966;11
20;57432;9
5;57652;0
23;56310;18
39;55471;17
76;57109;10
2;55468;0
20;56252;8
79;56575;10
12;58825;11
77;58503;10
60;57998;16
75;57094;17
79;57995;1
32;57983;14
90;57984;4
79;57986;8
76;53233;9
60;56173;7
95;58502;2
37;58148;8
93;55941;0
51;56609;6
56;58879;3
62;59256;4
67;57862;15
16;55937;3
94;56874;0
57;56220;12
86;56425;2
18;59477;0
85;52190;15
48;57629;2
28;59408;4
18;57626;10
93;57490;4
68;57977;5
24;57975;1
44;57509;0
70;58066;16
38;58064;11
58;59259;2
89;58031;7
57;55938;15
83;57390;9
1;57259;22
25;58062;7
88;56791;0
39;57647;7
60;54805;5
79;58052;9
51;59349;4
68;58998;6
29;59127;1
35;58831;7
47;59292;5
60;49732;14
91;59504;6
80;55939;6
27;56869;21
17;55940;2
26;56599;12
15;56221;3
4;56218;5
17;58817;11
52;45942;2
2;56426;2
41;58779;1
38;58683;8
81;57790;9
86;58065;11
14;56610;5
85;57883;11
83;56600;8
83;57793;2
28;56163;3
28;58880;11
5;56275;0
85;58349;10
1;56274;9
24;57978;4
15;56574;9
41;56154;11
46;57627;3
37;56776;11
16;56162;5
83;58742;2
42;57808;8
87;58781;5
21;56228;5
92;56232;1
86;56579;20
87;52331;8
3;50972;14
73;55091;1
33;56490;4
72;56535;3
65;56619;8
48;59272;10
87;56491;16
12;54220;8
91;58061;7
27;59214;10
28;57646;12
75;57373;4
31;55942;8
12;57441;11
59;57492;2
28;57607;11
61;59409;0
22;58470;6
74;58057;9
12;57393;1
32;59513;11
9;58051;3
5;57392;1
30;57394;8
17;58270;6
85;57999;5
56;57391;11
3;57577;15
8;52587;4
68;59348;1
89;58032;9
36;57396;2
62;55690;7
53;55691;0
1;55688;10
70;53893;11
12;55689;11
38;41559;0
90;41560;3
47;53892;2
64;41558;14
25;53894;10
79;41561;12
66;50225;16
57;51102;7
58;45288;10
80;48797;0
86;35990;5
87;41703;11
4;46019;3
3;27060;8
73;33470;9
96;39296;4
83;52627;12
80;33467;7
10;36169;4
83;53065;2
96;49932;11
55;42896;11
58;43608;6
25;40798;2
67;49908;9
1;42894;6
93;44777;6
47;42895;5
31;33469;15
21;42897;0
37;44023;9
78;41460;13
65;33468;7
59;55025;7
83;43152;5
12;43155;4
71;21292;11
81;49736;18
3;28034;3
17;34847;2
19;19742;4
21;32252;8
16;28035;10
71;42695;24
54;32251;8
96;19738;3
44;39838;2
30;50325;8
63;31216;10
52;45791;16
46;49737;0
56;19736;7
85;34340;0
60;42702;16
50;21296;6
20;28033;0
41;43142;9
76;21297;4
74;49739;18
88;49738;13
5;43128;11
57;42696;4
77;50324;17
30;50323;7
39;43133;3
93;32253;10
84;27889;10
28;38936;4
70;43154;1
54;32250;3
48;43153;3
94;43134;9
21;42694;7
16;50321;8
59;52969;9
77;47419;0
39;47418;2
13;47417;5
92;52968;10
25;47416;2
86;34385;8
3;34384;4
28;34383;11
9;34386;1
96;37362;17
66;52970;8
85;52971;3
62;56197;10
35;12614;1
89;38493;3
4;57048;9
46;53072;2
39;59195;4
42;51182;10
26;59207;9
68;43064;16
7;55337;0
79;59079;2
67;59208;5
81;51085;11
59;46390;2
85;50848;11
27;59275;11
72;48023;6
82;58759;5
41;59266;0
48;52715;7
51;45433;6
67;40797;5
48;56652;7
37;43297;11
51;59096;15
23;45126;6
25;49707;2
82;57733;1
69;58428;2
41;56692;8
43;58967;9
78;44766;16
34;46985;3
19;56051;12
96;54703;3
33;51649;5
69;56691;7
33;45115;19
94;44882;1
34;54442;10
1;46391;7
53;57717;11
1;59206;9
53;57426;8
62;57427;7
31;57428;11
7;58227;3
31;57463;11
13;57522;6
50;40588;1
89;58134;2
2;45085;3
29;39267;6
26;58339;8
62;48576;6
46;57254;8
21;57688;0
80;56815;2
25;59265;1
27;55828;12
69;58467;2
48;51180;0
74;56016;7
30;59273;11
95;50901;9
55;59083;10
10;54944;8
29;51181;17
12;57421;7
44;57838;11
10;59082;6
67;50275;10
63;57849;10
20;46681;2
55;50900;14
53;59165;5
34;57848;8
74;57847;0
76;57850;3
83;57845;6
91;54202;2
71;59328;11
55;59330;14
91;44864;5
75;58125;4
71;44224;4
4;54184;6
66;46858;11
80;49709;6
88;53527;2
80;57248;11
66;47775;4
4;51682;9
91;49710;2
48;41728;6
47;56014;6
35;40948;6
41;51703;2
2;44194;6
42;54745;7
80;47121;0
5;50221;2
23;37980;8
12;57050;2
6;54185;6
43;54181;3
16;47267;7
18;53961;11
84;51647;3
49;54702;1
5;53982;5
26;44523;1
24;51818;9
58;48167;11
65;58301;14
5;41760;10
14;54186;5
86;51685;1
67;56026;6
10;51427;11
68;50046;4
64;45500;9
17;48568;6
42;44159;4
73;51922;0
66;54094;6
94;48679;5
70;55500;11
52;39191;11
74;52714;3
9;40129;1
61;45538;9
14;51034;15
64;48831;9
5;40307;8
21;50082;2
26;55162;7
94;52835;11
81;50511;5
30;42477;3
20;54118;3
23;45909;8
44;54791;7
9;49697;5
74;50272;11
66;35890;1
94;47402;10
41;50902;9
6;44155;7
87;47580;15
96;53587;15
18;40306;7
85;47123;11
94;55074;7
34;59039;12
2;55232;4
80;47122;2
3;51662;0
76;52767;1
95;45109;18
4;58247;8
50;48169;9
29;52834;5
15;47926;2
82;54854;3
51;54850;10
14;56307;7
86;59564;4
60;56172;3
85;57148;8
50;55656;9
55;22673;0
65;56439;13
10;53870;1
13;49978;1
76;52077;4
89;52314;7
41;55537;9
30;52218;4
41;55408;11
44;55404;9
9;55737;8
47;31045;2
50;31044;4
33;10004;4
87;58755;8
94;53758;11
50;58785;0
74;54510;4
47;53846;21
72;55261;9
94;57042;2
15;43870;5
44;53855;5
71;53675;7
19;35796;9
90;48888;1
62;48949;2
55;52617;8
3;44009;10
43;36876;6
7;58133;9
16;47098;7
86;54969;6
1;50281;22
69;47099;9
47;48021;9
14;47857;3
21;57624;7
86;37063;8
87;46452;1
16;47848;11
60;35630;4
16;46753;12
51;47100;5
40;36622;11
88;48024;6
92;43717;4
65;49186;1
91;41488;10
89;42627;8
22;48889;8
50;55686;5
72;45320;1
31;54787;10
17;42127;2
83;58079;9
77;57596;13
45;57183;11
81;47928;0
26;57185;1
87;47589;10
15;58804;4
13;58995;6
48;57320;11
54;55189;2
36;58796;10
18;33245;0
24;32839;11
20;40762;6
43;35293;5
62;45528;1
55;57323;12
75;55373;11
17;44296;6
9;58474;5
64;58650;0
68;57542;6
43;56676;6
70;40730;7
68;48525;0
4;52966;10
90;51499;4
10;55699;6
20;48574;6
36;39866;1
50;51947;1
72;51754;7
86;44195;4
3;51138;11
5;44297;1
85;46458;5
29;48094;10
15;47076;9
76;51494;8
51;44757;8
43;59142;5
83;50862;8
56;31944;3
73;51275;2
49;50863;11
93;50510;1
91;42298;4
45;37494;19
5;38356;9
38;46870;10
40;50811;6
57;36937;1
18;41735;2
90;44756;10
63;50536;6
75;38650;20
37;38657;11
35;34957;10
88;55459;8
43;57161;6
48;56830;4
35;47999;8
41;59148;8
68;55460;1
84;55461;4
81;56319;6
10;56318;12
61;44107;5
29;59143;6
84;59147;7
7;59149;5
8;34828;4
69;54472;1
67;54241;3
71;56317;5
79;54473;6
44;51757;11
17;29312;4
69;34958;9
21;42299;9
69;35421;7
43;41463;9
45;44106;4
5;31337;6
45;55458;11
41;47233;3
24;47234;4
25;38499;4
43;50644;5
87;51183;11
72;53191;2
93;44109;4
74;32988;10
6;36298;4
65;41736;8
94;55188;6
60;55186;6
64;55184;6
57;55187;15
81;55183;3
23;45171;3
87;55182;0
30;41347;10
60;46792;9
9;46793;14
16;50516;7
1;53276;5
46;47905;3
70;57327;5
12;55343;11
72;56450;7
46;58770;5
51;37735;13
36;53230;7
85;57260;6
73;57786;3
12;57291;9
22;56290;1
7;56027;1
24;47758;1
96;59015;4
70;39097;8
69;39037;7
15;55602;8
8;59005;9
33;58050;2
42;47160;15
27;56056;8
30;57730;0
17;57985;13
23;58961;6
91;57722;0
62;43210;5
36;51718;0
34;41859;4
73;51719;13
2;43211;0
82;56865;4
11;51717;6
7;49797;14
83;52904;2
14;53785;10
51;54020;5
86;58424;16
96;46973;5
24;48746;3
9;52973;25
84;55795;1
52;58370;5
35;53670;12
19;55371;5
7;46221;1
67;46215;16
71;38202;3
91;38276;0
77;36124;5
51;38272;4
82;41858;2
41;36942;11
27;57696;10
49;59068;11
19;59130;11
27;38271;5
44;58088;8
19;58904;13
72;59226;10
37;57697;11
28;59462;2
47;39973;6
53;52811;10
10;51117;8
5;45830;12
84;56477;5
70;45146;8
74;50422;10
14;47297;1
7;41597;0
20;50730;8
1;57317;8
72;56590;11
25;56369;10
53;34259;3
15;50711;6
77;56591;8
43;57801;9
26;57813;3
52;57679;9
22;57798;3
20;57783;4
36;57667;4
3;58138;10
3;57670;8
33;57681;1
25;58074;0
8;57705;9
14;57707;9
7;58551;7
73;58613;8
45;57968;2
19;58693;6
72;57782;3
26;57666;0
9;59417;3
43;59402;11
87;56831;11
45;41531;6
50;45792;4
21;38078;7
27;59452;7
